{"cameraMode":{"drawMode":0,"name":"Shaded","section":"Shading Mode"},"sceneLighting":true,"audioPlay":false,"sceneViewState":{"m_AlwaysRefresh":false,"showFog":true,"showSkybox":true,"showFlares":true,"showImageEffects":true,"showParticleSystems":true,"showVisualEffectGraphs":true,"m_FxEnabled":true},"in2DMode":false,"pivot":{"x":2.7034225463867189,"y":2.8448662757873537,"z":0.4078653156757355},"rotation":{"x":0.12274792045354843,"y":0.6886287331581116,"z":-0.11998113244771958,"w":0.7045087218284607},"size":12.293549537658692,"orthographic":false}